WKT;codpostal;codtienda1;codtienda;tienda;retail;direccion1;direccion2;distrito;provincia;departamen;pais;cartodb_id;latitud;longitud;link_googl;telefono_p;otros_tele;horario_do;horario_lu;horario_ma;horario_mi;horario_ju;horario_vi;horario_sa
POINT (-79.0247902 -8.1103056);13001;76;E076;TRUJILLO;TIENDAS EFE;BOLIVAR 700;ESQ. CON JUNIN;TRUJILLO;TRUJILLO;LA LIBERTAD;PE;73;-8.1103056;-79.0247902;https://goo.gl/maps/5TmfPKr8rB22;(044) 231909;;;;;;;;
POINT (-78.5924754 -9.0743757);2803;21;L021;CHIMBOTE;LA CURACAO;JR. LEONCIO PRADO 536;EN EL HOTEL PRESIDENTE;CHIMBOTE;SANTA;ANCASH;PE;102;-9.0743757;-78.5924754;http://goo.gl/MtE632;(044) 343510;;;;;;;;
POINT (-74.2268971 -13.1580431);5003;7;E007;AYACUCHO;TIENDAS EFE;JR. ASAMBELA 277-281;;AYACUCHO;HUAMANGA;AYACUCHO;PE;7;-13.1580431;-74.2268971;https://goo.gl/maps/8pgv8D3cko42;(066) 312865;;09:30-22:00;09:30-22:00;09:30-22:00;09:30-22:00;09:30-22:00;09:30-22:00;09:30-22:00
POINT (-76.1318633 -13.4182605);11701;23;L023;CHINCHA II;LA CURACAO;JR. SANTO DOMINGO 128;CHINCHA ALTA;CHINCHA ALTA;CHINCHA;ICA;PE;104;-13.4182605;-76.1318633;http://goo.gl/OEvThv;(056) 264683;;10:00-21:30;10:00-21:30;10:00-21:30;10:00-21:30;10:00-21:30;10:00-21:30;10:00-21:30
POINT (-72.8759324 -13.636274);3001;88;E088;ABANCAY;TIENDAS EFE;AV. ARENAS 188;AL COSTADO DEL HOTEL ARENAS, A 2 CUADRAS DE LA PLAZA MICAELA BASTIDAS;ABANCAY;ABANCAY;APURIMAC;PE;1;-13.636274;-72.8759324;https://goo.gl/maps/jTnxHpWfS662;(083) 321643;;09:30-21:00;09:30-21:00;09:30-21:00;09:30-21:00;09:30-21:00;09:30-21:00;09:30-21:00
POINT (-71.534063 -16.3992331);4001;2;E002;AREQUIPA;TIENDAS EFE;CALLE PEATONAL MERCADERES 134;A MEDIA CUADRA DE LA PLAZA PRINCIPAL;AREQUIPA;AREQUIPA;AREQUIPA;PE;2;-16.3992331;-71.534063;https://goo.gl/maps/fu4Jd3JWQrJ2;(054) 227394;;09:30-21:00;09:30-21:00;09:30-21:00;09:30-21:00;09:30-21:00;09:30-21:00;09:30-21:00
POINT (-71.5350983 -16.4254604);4009;3;E003;AREQUIPA II;TIENDAS EFE;AV. ANDRES AVELINO CACERES;ENTRE EL OVALO Y EL BYPASS;JOSE LUIS BUSTAMANTE Y RIVERO;AREQUIPA;AREQUIPA;PE;3;-16.4254604;-71.5350983;https://goo.gl/maps/daze9MoX9aT2;(054) 420841;;09:30-21:00;09:30-21:00;09:30-21:00;09:30-21:00;09:30-21:00;09:30-21:00;09:30-21:00
POINT (-71.5165356 -16.4030424);4002;4;E004;AREQUIPA 3;TIENDAS EFE;AVENIDA MARISCAL CASTILLA 626;FRENTE AL OVALO DE MARISCAL CASTILLA;AREQUIPA;AREQUIPA;AREQUIPA;PE;4;-16.4030424;-71.5165356;https://goo.gl/maps/USzatgVtbCo;(054) 285878;;09:30-21:00;09:30-21:00;09:30-21:00;09:30-21:00;09:30-21:00;09:30-21:00;09:30-21:00
POINT (-71.5636842 -16.3522105);4017;5;E005;AREQUIPA 4;TIENDAS EFE;CALLE MARAÑON 509;COSTADO COMISARIA ZAMACOLA;CERRO COLORADO;AREQUIPA;AREQUIPA;PE;5;-16.3522105;-71.5636842;https://goo.gl/maps/Eg6imoMNfEv;(054) 316731;;09:30-21:00;09:30-21:00;09:30-21:00;09:30-21:00;09:30-21:00;09:30-21:00;09:30-21:00
POINT (-76.9287728 -12.0346754);15012;87;E087;ATE II;TIENDAS EFE;AV. NICOLAS AYLLON;MZ. L LT. 25. SECTOR F URB. LOS ANGELES;ATE;LIMA;LIMA;PE;6;-12.0346754;-76.9287728;https://goo.gl/maps/N4XRpJ7zdMC2;(01) 7151390;;10:00-21:00;10:00-21:00;10:00-21:00;10:00-21:00;10:00-21:00;10:00-21:00;10:00-21:00
POINT (-78.5206113 -6.679938);6116;8;E008;BAMBAMARCA;TIENDAS EFE;JR. ALFONSO UGARTE 458;;BAMBAMARCA;HUALGAYOC;CAJAMARCA;PE;8;-6.679938;-78.5206113;https://goo.gl/maps/DRSjtEUrbuD2;(076) 353002;;09:30-21:00;09:30-21:00;09:30-21:00;09:30-21:00;09:30-21:00;09:30-21:00;09:30-21:00
POINT (-77.7620984 -10.74971);15169;9;E009;BARRANCA;TIENDAS EFE;JR. CASTILLA 285 BARRANCA;CERCA AL CRUCE CON VILELA/CALLE PROGRESO;BARRANCA;BARRANCA;LIMA;PE;9;-10.74971;-77.7620984;https://goo.gl/maps/2afCSUKAPFC2;(01) 2351107;;;;;;;;
POINT (-76.98732 -11.9513966);15416;11;E011;CACERES;TIENDAS EFE;ESQUINA AV. FERNANDO WIESE CON JR. POZO SECO;MZ. E8 LT. 1. URB. MARISCAL CACERES;SAN JUAN DE LURIGANCHO;LIMA;LIMA;PE;10;-11.9513966;-76.98732;https://goo.gl/maps/p8dfknR96LG2;(01) 2407653;;09:00-22:00;09:00-22:00;09:00-22:00;09:00-22:00;09:00-22:00;09:00-22:00;09:00-22:00
POINT (-78.0464564 -7.6235943);6351;12;E012;CAJABAMBA;TIENDAS EFE;JR. CELSO BENIGNO CALDERON 118;A UNA CUADRA DE LA PLAZA PRINCIPAL;CAJABAMBA;CAJABAMBA;CAJAMARCA;PE;11;-7.6235943;-78.0464564;https://goo.gl/maps/MWnP3L8niJt;(076) 551159;;09:30-21:00;09:30-21:00;09:30-21:00;09:30-21:00;09:30-21:00;09:30-21:00;09:30-21:00
POINT (-78.5165448 -7.1568195);6002;13;E013;CAJAMARCA;TIENDAS EFE;JR. DOS DE MAYO 566;A MEDIA CUADRA DE LA PLAZA PRINCIPAL;CAJAMARCA;CAJAMARCA;CAJAMARCA;PE;12;-7.1568195;-78.5165448;https://goo.gl/maps/BWHLMf4ywPs;(076) 363582;;09:30-21:00;09:30-21:00;09:30-21:00;09:30-21:00;09:30-21:00;09:30-21:00;09:30-21:00
POINT (-78.5084751 -7.1655433);6002;14;E014;CAJAMARCA 2;TIENDAS EFE;AV. ATAHUALPA 180;FRENTE AL BANCO DE CREDITO DEL PERU;CAJAMARCA;CAJAMARCA;CAJAMARCA;PE;13;-7.1655433;-78.5084751;https://goo.gl/maps/JNnYHoqm2W82;(076) 261595;;09:30-21:00;09:30-21:00;09:30-21:00;09:30-21:00;09:30-21:00;09:30-21:00;09:30-21:00
POINT (-72.7094989 -16.620839);4451;15;E015;CAMANA;TIENDAS EFE;AV. LIMA 272;CRUCE AV LIMA CON SAMUEL PASTOR;CAMANA;CAMANA;AREQUIPA;PE;14;-16.620839;-72.7094989;https://goo.gl/maps/mEFgwkjJbx52;(054) 571121;;09:30-21:00;09:30-21:00;09:30-21:00;09:30-21:00;09:30-21:00;09:30-21:00;09:30-21:00
POINT (-76.352999 -13.0604436);15700;16;E016;CAÑETE;TIENDAS EFE;AV. 28 DE JULIO 301-315;;SAN VICENTE DE CAÑETE;CAÑETE;LIMA;PE;15;-13.0604436;-76.352999;https://goo.gl/maps/uYGVUjVvLXM2;(01) 2847197;;09:00-21:00;09:00-21:00;09:00-21:00;09:00-21:00;09:00-21:00;09:00-21:00;09:00-21:00
POINT (-77.0175654 -11.8779143);15319;17;E017;CARABAYLLO;TIENDAS EFE;AV. TUPAC AMARU 3000-3002;URB. EL PROGRESO;CARABAYLLO;LIMA;LIMA;PE;16;-11.8779143;-77.0175654;https://goo.gl/maps/z8FissLTcYU2;(01) 5475558;;09:30-21:00;09:30-21:30;09:30-21:30;09:30-21:30;09:30-21:30;09:30-21:30;09:30-21:30
POINT (-79.1880468 -7.7438198);13761;18;E018;CASAGRANDE;TIENDAS EFE;CALLE TREN 5;ESQUINA DE LA PLAZA PRINCIPAL;CASAGRANDE;ASCOPE;LA LIBERTAD;PE;17;-7.7438198;-79.1880468;https://goo.gl/maps/fJ5NtF7VzQ52;(044) 439373;;;;;;;;
POINT (-76.2566567 -10.6832002);19001;19;E019;CERRO DE PASCO;TIENDAS EFE;ESQ. JR. SAN CRISTOBAL 196 Y MORALES JANAMPA 199;MEDIA CUADRA DE LA PLAZA CARRION;CHAUPIMARCA;PASCO;PASCO;PE;18;-10.6832002;-76.2566567;https://goo.gl/maps/2LzTYw6omwP2;(063) 422004;;09:30-21:30;09:30-21:30;09:30-21:30;09:30-21:30;09:30-21:30;09:30-21:30;09:30-21:30
POINT (-79.429471 -7.2259332);13871;20;E020;CHEPEN;TIENDAS EFE;AV. EZEQUIEL GONZALES CACEDA 720;;CHEPEN;CHEPEN;LA LIBERTAD;PE;19;-7.2259332;-79.429471;https://goo.gl/maps/48j5aX9GjEm;(044) 495794;;09:30-21:00;09:30-21:00;09:30-21:00;09:30-21:00;09:30-21:00;09:30-21:00;09:30-21:00
POINT (-79.8419204 -6.7677548);14001;21;E021;CHICLAYO;TIENDAS EFE;AV. LUIS GONZALES 1313 CRUCE CON AV. PEDRO RUIZ;;CHICLAYO;CHICLAYO;LAMBAYEQUE;PE;20;-6.7677548;-79.8419204;https://goo.gl/maps/tbeq3jwKvQE2;(074) 236270;;09:30-21:00;09:30-21:00;09:30-21:00;09:30-21:00;09:30-21:00;09:30-21:00;09:30-21:00
POINT (-78.5924846 -9.074295);2803;22;E022;CHIMBOTE;TIENDAS EFE;JR. LEONCIO PRADO 541;FRENTE AL HOTEL PRESIDENTE;CHIMBOTE;SANTA;ANCASH;PE;21;-9.074295;-78.5924846;https://goo.gl/maps/hVFYmvNvG8x;(043) 320268;;;;;;;;
POINT (-78.5304368 -9.1236497);2711;23;E023;CHIMBOTE 2;TIENDAS EFE;AV. PACIFICO 326;URB. BUENOS AIRES (COSTADO DEL BANCO CONTINENTAL) - NUEVO CHIMBOTE;NUEVO CHIMBOTE;SANTA;ANCASH;PE;22;-9.1236497;-78.5304368;https://goo.gl/maps/WaPZTFytdLA2;(043) 580100;;;;;;;;
POINT (-76.1350099 -13.4174699);11702;24;E024;CHINCHA;TIENDAS EFE;AV. OSCAR R. BENAVIDES 265;;CHINCHA ALTA;CHINCHA;ICA;PE;23;-13.4174699;-76.1350099;https://goo.gl/maps/a9xYfk62AJz;(056) 265600;;09:00-22:00;09:00-22:00;09:00-22:00;09:00-22:00;09:00-22:00;09:00-22:00;09:00-22:00
POINT (-76.69522 -11.93711);15468;26;E026;CHOSICA;TIENDAS EFE;AV. 28 DE JULIO 398;LURIGANCHO - CHOSICA;LURIGANCHO;LIMA;LIMA;PE;24;-11.93711;-76.69522;https://goo.gl/maps/8cijb4dYCf32;(01) 3641594;;09:30-21:30;09:30-21:30;09:30-21:30;09:30-21:30;09:30-21:30;09:30-21:30;09:30-21:30
POINT (-80.1604977 -5.095715);20301;27;E027;CHULUCANAS;TIENDAS EFE;JR. APURIMAC 684;;CHULUCANAS;MORROPON;PIURA;PE;25;-5.095715;-80.1604977;https://goo.gl/maps/RPBtU7NNFkG2;(073) 372088;;;;;;;;
POINT (-77.0508356 -11.9451877);15312;29;E029;COMAS 2;TIENDAS EFE;AV. TUPAC AMARU 3123 - 3125;INT. 1 URB. HUAQUILLAY CHACRA CERRO;COMAS;LIMA;LIMA;PE;26;-11.9451877;-77.0508356;https://goo.gl/maps/rHBWXjGavC12;(01) 5373246;;08:30-22:00;08:30-22:00;08:30-22:00;08:30-22:00;08:30-22:00;08:30-22:00;08:30-22:00
POINT (-71.9779556 -13.5196638);8002;30;E030;CUSCO;TIENDAS EFE;CALLE AYACUCHO 141;ESQUINA AVENIDA AYACUCHO CON AVENIDA EL SOL;CUSCO;CUSCO;CUSCO;PE;27;-13.5196638;-71.9779556;https://goo.gl/maps/CrqtGL4HiCH2;(084) 242852;;09:30-21:00;09:30-21:00;09:30-21:00;09:30-21:00;09:30-21:00;09:30-21:00;09:30-21:00
POINT (-71.9611137 -13.5348092);8007;31;E031;CUSCO 2;TIENDAS EFE;AV. COSTANERA CON CONSTITUCION;FRENTE AL MOLINO;WANCHAQ;CUSCO;CUSCO;PE;28;-13.5348092;-71.9611137;https://goo.gl/maps/uqc8EnANXiQ2;(084) 236638;;09:30-21:00;09:30-21:00;09:30-21:00;09:30-21:00;09:30-21:00;09:30-21:00;09:30-21:00
POINT (-77.6094718 -11.1075513);15136;33;E033;HUACHO;TIENDAS EFE;AV. 28 DE JULIO 544;CRUCE CON JR. BOLOGNESI;HUACHO;HUAURA;LIMA;PE;29;-11.1075513;-77.6094718;https://goo.gl/maps/WgtZk6mTXaw;(01) 2321427;;;;;;;;
POINT (-78.047096 -7.8126817);13301;34;E034;HUAMACHUCO;TIENDAS EFE;JR. BALTA 817;FRENTE AL BANCO DE LA NACION;HUAMACHUCO;SANCHEZ CARRION;LA LIBERTAD;PE;30;-7.8126817;-78.047096;https://goo.gl/maps/1JZDm7XDeov;(044) 348305;;;;;;;;
POINT (-79.4512666 -5.2391483);20441;91;E091;HUANCABAMBA;TIENDAS EFE;SAN MARTIN 106-108;PLAZA MAYOR DE HUANCABAMBA;HUANCABAMBA;HUANCABAMBA;PIURA;PE;31;-5.2391483;-79.4512666;https://goo.gl/maps/C8eAmyWK3vn;;;09:00-20:30;09:00-20:30;09:00-20:30;09:00-20:30;09:00-20:30;09:00-20:30;09:00-20:30
POINT (-75.2101875 -12.0686557);12001;35;E035;HUANCAYO;TIENDAS EFE;CALLE REAL 500;ESQUINA CALLE REAL CON AV. GIRALDEZ;HUANCAYO;HUANCAYO;JUNIN;PE;32;-12.0686557;-75.2101875;https://goo.gl/maps/XXqytUFmaL12;(064) 236844;;09:30-21:30;09:30-21:30;09:30-21:30;09:30-21:30;09:30-21:30;09:30-21:30;09:30-21:30
POINT (-75.2054787 -12.0684225);12001;36;E036;HUANCAYO 2;TIENDAS EFE;AV. FERROCARRIL 1070;FRENTE A PLAZA VEA - HUANCAYO;HUANCAYO;HUANCAYO;JUNIN;PE;33;-12.0684225;-75.2054787;https://goo.gl/maps/GDQi1Khfofq;(064) 227547;;09:30-21:30;09:30-21:30;09:30-21:30;09:30-21:30;09:30-21:30;09:30-21:30;09:30-21:30
POINT (-74.2502408 -12.9380559);5121;89;E089;HUANTA;TIENDAS EFE;AV. ANDRES A. CACERES 113;;HUANTA;HUANTA;AYACUCHO;PE;34;-12.9380559;-74.2502408;https://goo.gl/maps/iuCHXLkG4fJ2;(066) 402229;;09:30-21:30;09:30-21:30;09:30-21:30;09:30-21:30;09:30-21:30;09:30-21:30;09:30-21:30
POINT (-76.2402068 -9.929127);10001;37;E037;HUANUCO;TIENDAS EFE;JR. DOS MAYO 1151;FRENTE A LA PLAZA PRINCIPAL;HUANUCO;HUANUCO;HUANUCO;PE;35;-9.929127;-76.2402068;https://goo.gl/maps/6qDvwy8iaqz;(062) 518373;;09:30-21:30;09:30-21:30;09:30-21:30;09:30-21:30;09:30-21:30;09:30-21:30;09:30-21:30
POINT (-77.2059904 -11.4951577);15201;38;E038;HUARAL;TIENDAS EFE;CALLE DERECHA 516;A MEDIA CUADRA DEL BCP;HUARAL;HUARAL;LIMA;PE;36;-11.4951577;-77.2059904;https://goo.gl/maps/8Cy3iNzsiXS2;(01) 2460249;;;;;;;;
POINT (-77.5288444 -9.5268949);2001;39;E039;HUARAZ;TIENDAS EFE;AV. LUZURIAGA 455;CERCA AL CRUCE CON ANTONIO RAYMONDI;HUARAZ;HUARAZ;ANCASH;PE;37;-9.5268949;-77.5288444;https://goo.gl/maps/ot7YSXhSSG62;(043) 429324;;;;;;;;
POINT (-77.0040057 -11.9677871);15423;40;E040;HUASCAR;TIENDAS EFE;AV. CANTO GRANDE 3731-3737;CENTRO COMERCIAL HUASCAR;SAN JUAN DE LURIGANCHO;LIMA;LIMA;PE;38;-11.9677871;-77.0040057;https://goo.gl/maps/txe5sLV6YZS2;(01) 7155283;;10:00-21:00;10:00-21:00;10:00-21:00;10:00-21:00;10:00-21:00;10:00-21:00;10:00-21:00
POINT (-76.8257461 -12.0128924);15479;41;E041;HUAYCAN;TIENDAS EFE;AV. JOSE CARLOS MARIATEGUI;LOTE 56 ZONA A. FRENTE MUNICIPALIDAD Y PARROQUIA;ATE;LIMA;LIMA;PE;39;-12.0128924;-76.8257461;https://goo.gl/maps/x8ZixGykap62;(01) 3717793;;09:00-22:00;09:00-22:00;09:00-22:00;09:00-22:00;09:00-22:00;09:00-22:00;09:00-22:00
POINT (-75.7283838 -14.064668);11001;42;E042;ICA;TIENDAS EFE;CALLE LIMA 240;;ICA;ICA;ICA;PE;40;-14.064668;-75.7283838;https://goo.gl/maps/p6iMDFm28V12;(056) 216827;;09:00-21:00;09:00-21:00;09:00-21:00;09:00-21:00;09:00-21:00;09:00-21:00;09:00-21:00
POINT (-71.3443436 -17.6469245);18100;43;E043;ILO;TIENDAS EFE;AV. 28 DE JULIO 622;FRENTE AL GRIFO PRIMAX;ILO;ILO;MOQUEGUA;PE;41;-17.6469245;-71.3443436;https://goo.gl/maps/m91wJsEDVRU2;(053) 483289;;09:30-21:00;09:30-21:00;09:30-21:00;09:30-21:00;09:30-21:00;09:30-21:00;09:30-21:00
POINT (-73.246002 -3.752478);16006;44;E044;IQUITOS;TIENDAS EFE;JIRON PROSPERO 462 - 470;;IQUITOS;MAYNAS;LORETO;PE;42;-3.752478;-73.246002;https://goo.gl/maps/6qzicSpwwPv;(065) 242023;;09:30-20:00;09:30-21:30;09:30-21:30;09:30-21:30;09:30-21:30;09:30-21:30;09:30-21:30
POINT (-73.289236 -3.775898);16008;45;E045;IQUITOS 2;TIENDAS EFE;ESQUINA ABELARDO QUIÑONEZ KM. 4.5 CON LOS LIRIOS;FRENTE A LA PLAZA MAYOR;SAN JUAN BAUTISTA;MAYNAS;LORETO;PE;43;-3.775898;-73.289236;https://goo.gl/maps/fbN1rYaqZwA2;(065) 509196;;09:30-20:00;09:30-21:30;09:30-21:30;09:30-21:30;09:30-20:00;09:30-21:30;09:30-21:30
POINT (-78.8065779 -5.7107082);6801;46;E046;JAEN;TIENDAS EFE;MESONES MURO 148;;JAEN;JAEN;CAJAMARCA;PE;44;-5.7107082;-78.8065779;https://goo.gl/maps/82zMYmybSkG2;(076) 434718;;09:30-21:00;09:30-21:00;09:30-21:00;09:30-21:00;09:30-21:00;09:30-21:00;09:30-21:00
POINT (-76.7260513 -7.1807222);22601;47;E047;JUANJUI;TIENDAS EFE;JIRON HUALLAGA 495;ESQUINA PLAZA PRINCIPAL DE JUANJUI;JUANJUI;MARISCAL CACERES;SAN MARTIN;PE;45;-7.1807222;-76.7260513;https://goo.gl/maps/hXvA5JcgUhp;(042) 546555;;;09:30-21:30;09:30-21:30;09:30-21:30;09:30-21:30;09:30-21:30;09:30-21:30
POINT (-70.1318043 -15.4962953);21104;48;E048;JULIACA;TIENDAS EFE;JR. BRACESCO 439;FRENTE A LA PLAZA BOLOGNESI;JULIACA;SAN ROMAN;PUNO;PE;46;-15.4962953;-70.1318043;https://goo.gl/maps/F8ASUFpuvPK2;(051) 326870;;09:30-21:00;09:30-21:00;09:30-21:00;09:30-21:00;09:30-21:00;09:30-21:00;09:30-21:00
POINT (-75.3276115 -11.0550927);12856;49;E049;LA MERCED;TIENDAS EFE;JR.TARMA 476 – 480;A DOS CUADRAS DE LA PLAZA PRINCIPAL;LA MERCED;CHANCHAMAYO;JUNIN;PE;47;-11.0550927;-75.3276115;https://goo.gl/maps/tWxjXz9X7UD2;(064) 531893;;09:30-21:30;09:30-21:30;09:30-21:30;09:30-21:30;09:30-21:30;09:30-21:30;09:30-21:30
POINT (-80.7409343 -5.3957499);20621;50;E050;LA UNION;TIENDAS EFE;AV. LIMA 901;;LA UNION;PIURA;PIURA;PE;48;-5.3957499;-80.7409343;https://goo.gl/maps/FQHYJ27Nh2w;(073) 415108;;09:00-20:30;09:00-20:30;09:00-20:30;09:00-20:30;09:00-20:30;09:00-20:30;09:00-20:30
POINT (-76.8716187 -12.2750099);15823;51;E051;LURIN;TIENDAS EFE;ANTIGUA PANAMERICANA SUR KM.36;URB. LAS VIRREYNAS LOTE 6A-6B;LURIN;LIMA;LIMA;PE;49;-12.2750099;-76.8716187;https://goo.gl/maps/e57vGfx285F2;(01) 4300556;;10:00-21:30;10:00-21:30;10:00-21:30;10:00-21:30;10:00-21:30;10:00-21:30;10:00-21:30
POINT (-70.9373525 -17.1928342);18001;52;E052;MOQUEGUA;TIENDAS EFE;AV. BALTA 60;FRENTE AL MERCADO CENTRAL;MOQUEGUA;MARISCAL NIETO;MOQUEGUA;PE;50;-17.1928342;-70.9373525;https://goo.gl/maps/4L5EqXgeF942;(053) 461112;;09:30-21:00;09:30-21:00;09:30-21:00;09:30-21:00;09:30-21:00;09:30-21:00;09:30-21:00
POINT (-79.7165471 -6.1546929);14201;54;E054;MOTUPE;TIENDAS EFE;CALLE TUPAC AMARU 499;ESQ. CON GARCILAZO DE LA VEGA;MOTUPE;LAMBAYEQUE;LAMBAYEQUE;PE;51;-6.1546929;-79.7165471;https://goo.gl/maps/FbC7srmbBJS2;(074) 426521;;09:30-21:00;09:30-21:00;09:30-21:00;09:30-21:00;09:30-21:00;09:30-21:00;09:30-21:00
POINT (-76.973653 -6.030903);22001;55;E055;MOYOBAMBA;TIENDAS EFE;PEDRO CANGA 474;;MOYOBAMBA;MOYOBAMBA;SAN MARTIN;PE;52;-6.030903;-76.973653;https://goo.gl/maps/xG2dRQVrC5R2;(042) 561253;;09:30-20:00;09:30-21:30;09:30-21:30;09:30-21:30;09:30-21:30;09:30-21:30;09:30-21:30
POINT (-74.938698 -14.8281196);11401;56;E056;NAZCA;TIENDAS EFE;JR. BOLOGNESI 391;;NAZCA;NAZCA;ICA;PE;53;-14.8281196;-74.938698;https://goo.gl/maps/cLVyeez96ir;(056) 522837;;09:00-22:00;09:00-22:00;09:00-22:00;09:00-22:00;09:00-22:00;09:00-22:00;09:00-22:00
POINT (-81.1125612 -5.0852223);20701;58;E058;PAITA;TIENDAS EFE;CALLE MALECON JORGE CHAVEZ 224;;PAITA;PAITA;PIURA;PE;54;-5.0852223;-81.1125612;https://goo.gl/maps/D22YrTchpy32;(073) 211822;(073) 212489;09:00-21:30;09:00-21:30;09:00-21:30;09:00-21:30;09:00-21:30;09:00-21:30;09:00-21:30
POINT (-79.8385455 -6.7678865);14001;59;E059;PEDRO RUIZ;TIENDAS EFE;AV. PEDRO RUIZ 971;;CHICLAYO;CHICLAYO;LAMBAYEQUE;PE;55;-6.7678865;-79.8385455;https://goo.gl/maps/hm5HHgXNynv;(074) 221221;;09:30-21:00;09:30-21:00;09:30-21:00;09:30-21:00;09:30-21:00;09:30-21:00;09:30-21:00
POINT (-76.20418 -13.711556);11601;60;E060;PISCO;TIENDAS EFE;PSJE. JAZMIN 142;EN LA PLAZUELA BELEN;PISCO;PISCO;ICA;PE;56;-13.711556;-76.20418;https://goo.gl/maps/KEmJu7CC1qB2;(056) 532204;;09:30-22:00;09:30-22:00;09:30-22:00;09:30-22:00;09:30-22:00;09:30-22:00;09:30-22:00
POINT (-80.627694 -5.19616);20008;61;E061;PIURA;TIENDAS EFE;AV. GRAU 193;ESQ. CON AREQUIPA;PIURA;PIURA;PIURA;PE;57;-5.19616;-80.627694;https://goo.gl/maps/ePVmNWAi29S2;(073) 323001;;09:00-22:00;09:00-22:00;09:00-22:00;09:00-22:00;09:00-22:00;09:00-22:00;09:00-22:00
POINT (-77.0720091 -11.9397089);15307;62;E062;PRO;TIENDAS EFE;AV ALFREDO MENDIOLA 7765;ASOCIACION VIVIENDA LA ESTRELLA - FRENTE MERCADO UNICACHI;LOS OLIVOS;LIMA;LIMA;PE;58;-11.9397089;-77.0720091;https://goo.gl/maps/8H2unvo5XRt;(01) 5270786;;10:00-22:00;10:00-22:00;10:00-22:00;10:00-22:00;10:00-22:00;10:00-22:00;10:00-22:00
POINT (-74.531597 -8.386748);25001;63;E063;PUCALLPA;TIENDAS EFE;JR. 7 DE JUNIO 887;ESQUINA CON JR. RAYMONDI 698;CALLERIA;CORONEL PORTILLO;UCAYALI;PE;59;-8.386748;-74.531597;https://goo.gl/maps/r3Uif6ETFrP2;(061) 573647;;09:30-20:00;09:30-21:30;09:30-21:30;09:30-21:30;09:30-21:30;09:30-21:30;09:30-21:30
POINT (-77.075312 -11.8645121);15118;85;E085;PUENTE PIEDRA;TIENDAS EFE;AV. PUENTE PIEDRA 219;A 1 CDRA. DE PANAMERICANA NORTE;PUENTE PIEDRA;LIMA;LIMA;PE;60;-11.8645121;-77.075312;https://goo.gl/maps/wQyjVhxpkJy;(01) 5485031;;10:00-21:30;10:00-21:30;10:00-21:30;10:00-21:30;10:00-21:30;10:00-21:30;10:00-21:30
POINT (-69.178652 -12.595618);17001;64;E064;PUERTO MALDONADO;TIENDAS EFE;AV. LEON VELARDE 460;;TAMBOPATA;TAMBOPATA;MADRE DE DIOS;PE;61;-12.595618;-69.178652;https://goo.gl/maps/DJP6gPKAsvx;(082) 571636;;;09:30-21:30;09:30-21:30;09:30-21:30;09:30-21:30;09:30-21:30;09:30-21:30
POINT (-70.0270904 -15.8388558);21001;65;E065;PUNO;TIENDAS EFE;JR. LIBERTAD 231;CRUCE DE AREQUIPA CON LA LIBERTAD;PUNO;PUNO;PUNO;PE;62;-15.8388558;-70.0270904;https://goo.gl/maps/KMq7yaKgmJ32;(051) 368041;;09:30-21:00;09:30-21:00;09:30-21:00;09:30-21:00;09:30-21:00;09:30-21:00;09:30-21:00
POINT (-72.694088 -12.865051);8741;66;E066;QUILLABAMBA;TIENDAS EFE;AV. BOLOGNESI 100-100A (ESQ. CON SAN MARTIN) - QUILLABAMBA;ESQ. CON SAN MARTIN, FRENTE AL PARQUE GRAU;QUILLABAMBA;LA CONVENCION;CUSCO;PE;63;-12.865051;-72.694088;https://goo.gl/maps/byhx8USEtBF2;(084) 281389;;09:30-21:00;09:30-21:00;09:30-21:00;09:30-21:00;09:30-21:00;09:30-21:00;09:30-21:00
POINT (-77.0083847 -12.0008617);15419;67;E067;SAN JUAN DE LURIGANCHO;TIENDAS EFE;AV. PROCERES DE INDEPENDENCIA 1940;SAN HILARION;SAN JUAN DE LURIGANCHO;LIMA;LIMA;PE;64;-12.0008617;-77.0083847;https://goo.gl/maps/Xj68xomc6vF2;(01) 7176769;;09:30-21:00;09:30-21:30;09:30-21:30;09:30-21:30;09:30-21:30;09:30-21:30;09:30-21:30
POINT (-76.9726616 -12.153987);15801;68;E068;SAN JUAN DE MIRAFLORES;TIENDAS EFE;AV. LOS HERORES 478 - 480;;SAN JUAN DE MIRAFLORES;LIMA;LIMA;PE;65;-12.153987;-76.9726616;https://goo.gl/maps/suo4Fqcf9kp;(01) 4662614;;09:30-21:00;09:30-21:00;09:30-21:00;09:30-21:00;09:30-21:00;09:30-21:00;09:30-21:00
POINT (-77.0690463 -12.0316816);7041;69;E069;SAN MARTIN;TIENDAS EFE;AV. PERU 2240;;SAN MARTIN DE PORRES;LIMA;LIMA;PE;66;-12.0316816;-77.0690463;https://goo.gl/maps/gYZmZT2w6wx;(01) 5695060;;10:00-21:00;10:00-21:00;10:00-21:00;10:00-21:00;10:00-21:00;10:00-21:00;10:00-21:00
POINT (-80.6867541 -4.8909408);20101;70;E070;SULLANA;TIENDAS EFE;SAN MARTIN 721;;SULLANA;SULLANA;PIURA;PE;67;-4.8909408;-80.6867541;https://goo.gl/maps/qnEMdpd4CFF2;(073) 507466;;09:00-22:00;09:00-22:00;09:00-22:00;09:00-22:00;09:00-22:00;09:00-22:00;09:00-22:00
POINT (-70.2470842 -18.0123072);23001;71;E071;TACNA;TIENDAS EFE;AV. BOLOGNESI 696;CRUCE DE BOLOGNESI CON BOLIVAR;TACNA;TACNA;TACNA;PE;68;-18.0123072;-70.2470842;https://goo.gl/maps/M2D4CCtBNT32;(052) 247764;;09:30-21:00;09:30-21:00;09:30-21:00;09:30-21:00;09:30-21:00;09:30-21:00;09:30-21:00
POINT (-81.2728966 -4.5793795);20811;72;E072;TALARA;TIENDAS EFE;AV. GRAU 137- 141;C.CIVICO TALARA;PARIÑAS;TALARA;PIURA;PE;69;-4.5793795;-81.2728966;https://goo.gl/maps/UesJRzV15LP2;(073) 383513;;09:00-22:00;09:00-22:00;09:00-22:00;09:00-22:00;09:00-22:00;09:00-22:00;09:00-22:00
POINT (-76.3609433 -6.4892917);22201;73;E073;TARAPOTO 2;TIENDAS EFE;JR. JIMENEZ PIMENTEL # 250-256;;TARAPOTO;TARAPOTO;SAN MARTIN;PE;70;-6.4892917;-76.3609433;https://goo.gl/maps/RfhZkF19CSQ2;(042) 525056;(042) 528191;09:30-20:00;09:30-21:30;09:30-21:30;09:30-21:30;09:30-21:30;09:30-21:30;09:30-21:30
POINT (-75.6879187 -11.4195134);12651;74;E074;TARMA;TIENDAS EFE;JR. LIMA 284 - 290;FRENTE A LA PLAZA PRINCIPAL;TARMA;TARMA;JUNIN;PE;71;-11.4195134;-75.6879187;https://goo.gl/maps/zguonhUv91C2;(064) 322068;;09:30-21:30;09:30-21:30;09:30-21:30;09:30-21:30;09:30-21:30;09:30-21:30;09:30-21:30
POINT (-76.0029237 -9.2984919);10131;75;E075;TINGO MARIA;TIENDAS EFE;AV. RAYMONDI 379;ENTRE JOSE PRATO Y CALLE MONZON;TINGO MARIA;LEONCIO PRADO;HUANUCO;PE;72;-9.2984919;-76.0029237;https://goo.gl/maps/LZdhdRYwzaD2;(062) 561414;;09:30-21:30;09:30-21:30;09:30-21:30;09:30-21:30;09:30-21:30;09:30-21:30;09:30-21:30
POINT (-79.001647 -8.0849774);13003;77;E077;TRUJILLO 2;TIENDAS EFE;AV. SANCHEZ CARRION 557;FRENTE A LA MUNICIPALIDAD DE EL PORVENIR;EL PORVENIR;TRUJILLO;LA LIBERTAD;PE;74;-8.0849774;-79.001647;https://goo.gl/maps/ncfo2xxVGfq;(044) 402248;;;;;;;;
POINT (-80.4593074 -3.5693273);24001;79;E079;TUMBES;TIENDAS EFE;CALLE BOLIVAR 225;;TUMBES;TUMBES;TUMBES;PE;75;-3.5693273;-80.4593074;https://goo.gl/maps/kwUvo3k4D9D2;(072) 525044;;09:00-22:00;09:00-22:00;09:00-22:00;09:00-22:00;09:00-22:00;09:00-22:00;09:00-22:00
POINT (-77.1272718 -11.8731638);7061;100;E100;VENTANILLA;TIENDAS EFE;CARRETERA NESTOR GAMBETA;MZ. C5 LT. 14. BOULEVARD DE VENTANILLA EX ZONA COMERCIAL. FRENTE A PLAZA VEA;VENTANILLA;CALLAO;CALLAO;PE;76;-11.8731638;-77.1272718;https://goo.gl/maps/E3kLNB9wYMr;(01) 5532945;;09:00-22:00;09:00-22:00;09:00-22:00;09:00-22:00;09:00-22:00;09:00-22:00;09:00-22:00
POINT (-76.9365848 -12.2136545);15834;80;E080;VILLA EL SALVADOR;TIENDAS EFE;ESQUINA AV CESAR VALLEJO CON AV. REVOLUCION;MZ A LT 13;VILLA EL SALVADOR;LIMA;LIMA;PE;77;-12.2136545;-76.9365848;https://goo.gl/maps/PMJ7MXA9AhH2;(01) 7176672;;09:30-21:30;09:30-21:30;09:30-21:30;09:30-21:30;09:30-21:30;09:30-21:30;09:30-21:30
POINT (-76.9518837 -12.1664331);15841;81;E081;VILLA MARIA DEL TRIUNFO;TIENDAS EFE;AV. PACHACUTEC 2143;A MEDIA CUADRA DE CALLE VILLA M. DEL TRIUNFO;VILLA MARIA DEL TRIUNFO;LIMA;LIMA;PE;78;-12.1664331;-76.9518837;https://goo.gl/maps/ygnuJPWFJGm;(01) 7176630;(01) 7176631;09:00-22:00;09:00-22:00;09:00-22:00;09:00-22:00;09:00-22:00;09:00-22:00;09:00-22:00
POINT (-78.7539235 -8.4126177);13621;82;E082;VIRU;TIENDAS EFE;AV. LA ALAMEDA 298 - VIRU;FRENTE AL MERCADO CENTRAL DE VIRU;VIRU;VIRU;LA LIBERTAD;PE;79;-8.4126177;-78.7539235;https://goo.gl/maps/R874heToGKT2;(044) 525222;;;;;;;;
POINT (-76.1047143 -5.8950129);16501;83;E083;YURIMAGUAS;TIENDAS EFE;PLAZA MAYOR 101-103;;YURIMAGUAS;ALTO AMAZONAS;LORETO;PE;80;-5.8950129;-76.1047143;https://goo.gl/maps/exhnmpucqCy;(065) 353842;;09:30-20:00;09:30-21:30;09:30-21:30;09:30-21:30;09:30-21:30;09:30-21:30;09:30-21:30
POINT (-77.0079553 -12.0274764);15401;84;E084;ZARATE;TIENDAS EFE;AV. GRAN CHIMU 384;;SAN JUAN DE LURIGANCHO;LIMA;LIMA;PE;81;-12.0274764;-77.0079553;https://goo.gl/maps/DoddqqV5sFn;(01) 7176692;;09:30-21:30;09:30-21:30;09:30-21:30;09:30-21:30;09:30-21:30;09:30-21:30;09:30-21:30
POINT (-72.8760429 -13.636285);3001;1;L001;ABANCAY;LA CURACAO;AVE ARENAS 192;A 2 CUADRAS DE LA PLAZA MICAELA BASTIDAS;AVANCAY;ABANCAY;APURIMAC;PE;82;-13.636285;-72.8760429;http://goo.gl/xAIH4v;(083) 321121;;09:30-21:00;09:30-21:00;09:30-21:00;09:30-21:00;09:30-21:00;09:30-21:00;09:30-21:00
POINT (-80.2448893 -3.4814413);24101;2;L002;AGUAS VERDES;LA CURACAO;AV. REPUBLICA DEL PERU 322 MZ A LOTE 12 -13 B-1;;ZARUMILLA;TUMBES;TUMBES;PE;83;-3.4814413;-80.2448893;https://goo.gl/maps/VVmxgEmWYGn;(072) 565371;(072) 565372;09:00-21:30;09:00-21:30;09:00-21:30;09:00-21:30;09:00-21:30;09:00-21:30;09:00-21:30
POINT (-73.3888926 -13.6571048);3701;3;L003;ANDAHUAYLAS;LA CURACAO;JR. GUILLERMO CACERES 221;A 2 CUADRAS DE LA PLAZA PRINCIPAL;ANDAHUYLAS;ANDAHUYLAS;APURIMAC;PE;84;-13.6571048;-73.3888926;http://goo.gl/DDGjDO;(083) 421209;;09:30-21:00;09:30-21:00;09:30-21:00;09:30-21:00;09:30-21:00;09:30-21:00;09:30-21:00
POINT (-71.5145451 -16.4161666);4002;5;L005;AREQUIPA 3;LA CURACAO;MALL AVENTURA PLAZA: AV PORONGOCHE;SEGUNDO PISO DE TOTTUS;PAUCARPATA;AREQUIPA;AREQUIPA;PE;85;-16.4161666;-71.5145451;http://goo.gl/6lxXha;(054) 614808;;10:30-22:00;10:30-22:00;10:30-22:00;10:30-22:00;10:30-22:00;10:30-22:00;10:30-22:00
POINT (-71.5347474 -16.3978941);4001;4;L004;AREQUIPA 1;LA CURACAO;CALLE JERUSALEN 117;ESQUINA CON MORAL, FRENTE A LA IBERICA;AREQUIPA;AREQUIPA;AREQUIPA;PE;86;-16.3978941;-71.5347474;http://goo.gl/NFV47N;(054) 285090;;09:30-21:00;09:30-21:00;09:30-21:00;09:30-21:00;09:30-21:00;09:30-21:00;09:30-21:00
POINT (-71.5350983 -16.4254604);4009;6;L006;AREQUIPA II;LA CURACAO;ANDRES AVELINO CACERES MZ-G LTE-2;ENTRE EL OVALO Y EL BYPASS AVELINO;JOSE LUIS BUSTAMANTE Y RIVERO;AREQUIPA;AREQUIPA;PE;87;-16.4254604;-71.5350983;http://goo.gl/XGmm5q;(054) 420277;;09:30-21:00;09:30-21:00;09:30-21:00;09:30-21:00;09:30-21:00;09:30-21:00;09:30-21:00
POINT (-79.0016743 -8.0850725);15498;7;L007;ATE 1;LA CURACAO;ASOC. PORVENIR VITARTE MZ. A LOTE 14;;ATE;LIMA;LIMA;PE;88;-8.0850725;-79.0016743;https://goo.gl/maps/2DpLd2WTRtk;(01) 4941470;(01) 3516164;10:00-20:00;10:00-21:30;10:00-21:30;10:00-21:30;10:00-21:30;10:00-21:30;10:00-21:30
POINT (-76.9259307 -12.0313709);15012;8;L008;ATE 2;LA CURACAO;AV. NICOLAS AYLLON 5340;CARRETERA CENTRAL;ATE;LIMA;LIMA;PE;89;-12.0313709;-76.9259307;http://goo.gl/itqy4R;(01) 3520880;;10:00-21:30;10:00-21:30;10:00-21:30;10:00-21:30;10:00-21:30;10:00-21:30;10:00-21:30
POINT (-74.2242848 -13.157632);5001;9;L009;AYACUCHO;LA CURACAO;AV. MARISCAL CACERES 990;;AYACUCHO;HUAMANGA;AYACUCHO;PE;90;-13.157632;-74.2242848;http://goo.gl/scgP7e;(066) 313489;;10:00-21:30;10:00-21:30;10:00-21:30;10:00-21:30;10:00-21:30;10:00-21:30;10:00-21:30
POINT (-77.7620984 -10.74971);15169;10;L010;BARRANCA;LA CURACAO;JR. CASTILLA 242;CERCA AL CRUCE CON VILELA/CALLE PROGRESO;BARRANCA;BARRANCA;LIMA;PE;91;-10.74971;-77.7620984;http://goo.gl/Ixih6J;(01) 2352330;;;;;;;;
POINT (-78.5198551 -7.1559667);6001;11;L011;CAJAMARCA I;LA CURACAO;JR. EL COMERCIO 608;;CAJAMARCA;CAJAMARCA;CAJAMARCA;PE;92;-7.1559667;-78.5198551;http://goo.gl/yVNeuP;(076) 368907;;09:30-20:00;09:30-21:00;09:30-21:00;09:30-21:00;09:30-21:00;09:30-21:00;09:30-21:00
POINT (-78.509065 -7.1498279);6001;12;L012;CAJAMARCA MEGA;LA CURACAO;CENTRO COMERCIAL EL QUINDE: AV. HOYOS RUBIO CON SOR MANUELA GIL;CENTRO COMERCIAL EL QUINDE, A UNA CUADRA DEL PARADERO FONAVI;CAJAMARCA;CAJAMARCA;CAJAMARCA;PE;93;-7.1498279;-78.509065;http://goo.gl/bTn3AQ;(076) 361792;;09:30-20:00;09:30-21:00;09:30-21:00;09:30-21:00;09:30-21:00;09:30-21:00;09:30-21:00
POINT (-77.1108991 -12.0486424);7001;13;L013;CALLAO;LA CURACAO;AV. ARGENTINA 3093;CENTRO COMERCIAL MINKA, TDA. 15 PABELLON 2;CALLAO;CALLAO;CALLAO;PE;94;-12.0486424;-77.1108991;http://goo.gl/dKzMDN;(01) 4533813;(01) 4200744;10:00-21:30;10:00-21:30;10:00-21:30;10:00-21:30;10:00-21:30;10:00-21:30;10:00-21:30
POINT (-72.7108076 -16.6238192);4451;14;L014;CAMANA;LA CURACAO;JR. 28 DE JULIO 166;A MEDIA CUADRA DEL HOTEL DE TURISTAS;CAMANA;CAMANA;AREQUIPA;PE;95;-16.6238192;-72.7108076;http://goo.gl/dJq6Be;(054) 573479;;09:30-21:00;09:30-21:00;09:30-21:00;09:30-21:00;09:30-21:00;09:30-21:00;09:30-21:00
POINT (-76.3805967 -13.0757391);15701;15;L015;CAÑETE;LA CURACAO;AV. MARISCAL BENAVIDES 423;;SAN VICENTE DE CAÑETE;CAÑETE;LIMA;PE;96;-13.0757391;-76.3805967;http://goo.gl/cGJ9aj;(01) 5813525;;09:00-21:30;09:00-21:30;09:00-21:30;09:00-21:30;09:00-21:30;09:00-21:30;09:00-21:30
POINT (-77.870594 -6.229816);1001;16;L016;CHACHAPOYAS;LA CURACAO;JR. AMAZONAS 737;A DOS CUADRAS DE LA PLAZA PRINCIPAL;CHACHAPOYAS;CHACHAPOYAS;AMAZONAS;PE;97;-6.229816;-77.870594;http://goo.gl/1o2nog;(041) 477180;;09:30-20:00;09:30-21:00;09:30-21:00;09:30-21:00;09:30-21:00;09:30-21:00;09:30-21:00
POINT (-79.4292426 -7.2284444);13871;17;L017;CHEPEN;LA CURACAO;CALLE TRUJILLO 501 / JR. JUNIN 474;A DOS CUADRAS DEL MERCADO CENTRAL;CHEPEN;CHEPEN;LA LIBERTAD;PE;98;-7.2284444;-79.4292426;http://goo.gl/8z3SGM;(044) 561575;;09:30-20:00;09:30-21:00;09:30-21:00;09:30-21:00;09:30-21:00;09:30-21:00;09:30-21:00
POINT (-79.8400522 -6.7678486);14001;18;L018;CHICLAYO MEGA;LA CURACAO;PEDRO RUIZ 835;;CHICLAYO;CHICLAYO;LAMBAYEQUE;PE;99;-6.7678486;-79.8400522;http://goo.gl/5ZP1Yx;(074) 471846;;09:30-20:00;09:30-21:00;09:30-21:00;09:30-21:00;09:30-21:00;09:30-21:00;09:30-21:00
POINT (-79.8327495 -6.7764277);14001;20;L020;CHICLAYO REAL;LA CURACAO;CENTRO COMERCIAL REAL PLAZA: CALLE BOLOGNESI;;CHICLAYO;CHICLAYO;LAMBAYEQUE;PE;100;-6.7764277;-79.8327495;http://goo.gl/iArYyT;(074) 270750;;09:30-20:00;09:30-21:00;09:30-21:00;09:30-21:00;09:30-21:00;09:30-21:00;09:30-21:00
POINT (-79.8523871 -6.7704284);14009;87;L087;CHICLAYO SALAVERRY;LA CURACAO;AV. SALAVERRY 710;FRENTE AL HOSPITAL DE LA SOLIDARIDAD;CHICLAYO;CHICLAYO;LAMBAYEQUE;PE;101;-6.7704284;-79.8523871;http://goo.gl/fr3526;(074) 231717;;09:30-18:00;09:30-21:00;09:30-21:00;09:30-21:00;09:30-21:00;09:30-21:00;09:30-21:00
POINT (-76.1347505 -13.4175404);11702;22;L022;CHINCHA;LA CURACAO;AV. BENAVIDES 240;;CHINCHA ALTA;CHINCHA;ICA;PE;103;-13.4175404;-76.1347505;http://goo.gl/d8y0C8;(056) 266688;;09:00-21:30;09:00-21:30;09:00-21:30;09:00-21:30;09:00-21:30;09:00-21:30;09:00-21:30
POINT (-77.011158 -12.196635);15067;24;L024;CHORRILLOS;LA CURACAO;AV. ALAMEDA &NBSP;;;;;;;;;;;;;;;;;;
POINT (-76.69522 -11.93711);15468;25;L025;CHOSICA;LA CURACAO;AV. 28 DE JULIO 384;;LURIGANCHO;LIMA;LIMA;PE;106;-11.93711;-76.69522;http://goo.gl/n5QpqP;(01) 3611709;;10:00-22:00;10:00-22:00;10:00-22:00;10:00-22:00;10:00-22:00;10:00-22:00;10:00-22:00
POINT (-80.1612217 -5.0973588);20301;26;L026;CHULUCANAS;LA CURACAO;JR. LIMA 313 SECTOR III;ALTURA CUADRA 4 AV. GRAU;CHULUCANAS;MORROPON;PIURA;PE;107;-5.0973588;-80.1612217;http://goo.gl/ZXHR4J;(073) 378331;(073) 378297;09:00-22:00;09:00-22:00;09:00-22:00;09:00-22:00;09:00-22:00;09:00-22:00;09:00-22:00
POINT (-71.9782776 -13.5198977);8002;28;L028;CUSCO;LA CURACAO;CALLE SAN ANDRES 294;CRUCE AYACUCHO Y SAN ANDRES;CUSCO;CUSCO;CUSCO;PE;108;-13.5198977;-71.9782776;http://goo.gl/IJCZa9;(084) 263516;;09:30-21:00;09:30-21:00;09:30-21:00;09:30-21:00;09:30-21:00;09:30-21:00;09:30-21:00
POINT (-72.1913141 -16.3612754);4112;29;L029;EL PEDREGAL;LA CURACAO;AV. MAJES MZ Q LT 3;FRENTE AL COLEGIO SAGRADA FAMILIA;MAJES;CAYLLOMA;AREQUIPA;PE;109;-16.3612754;-72.1913141;http://goo.gl/DPOB1l;(054) 586902;;09:30-21:00;09:30-21:00;09:30-21:00;09:30-21:00;09:30-21:00;09:30-21:00;09:30-21:00
POINT (-79.7919157 -6.6365609);14311;30;L030;FERREÑAFE;LA CURACAO;CALLE GRAU 110;PUEBLO NUEVO;FERREÑAFE;FERREÑAFE;LAMBAYEQUE;PE;110;-6.6365609;-79.7919157;http://goo.gl/CCCpCa;(074) 287880;;09:30-18:00;09:30-21:00;09:30-21:00;09:30-21:00;09:30-21:00;09:30-21:00;09:30-21:00
POINT (-77.610334 -11.1075948);15136;32;L032;HUACHO;LA CURACAO;AV. 28 DE JULIO 655;;HUACHO;HUAURA;LIMA;PE;111;-11.1075948;-77.610334;http://goo.gl/jpZ9Na;(01) 2394344;;;;;;;;
POINT (-78.0473071 -7.8153572);13301;33;L033;HUAMACHUCO;LA CURACAO;JR. SANCHEZ CARRION 754;CRUCE CON LEONCIO PRADO;HUAMACHUCO;SANCHEZ CARRION;LA LIBERTAD;PE;112;-7.8153572;-78.0473071;http://goo.gl/9RShuI;(044) 348384;;;;;;;;
POINT (-74.9733721 -12.7875383);9001;34;L034;HUANCAVELICA;LA CURACAO;JR. MANUEL SEGURA 150;;HUANCAVELICA;HUANCAVELICA;HUANCAVELICA;PE;113;-12.7875383;-74.9733721;http://goo.gl/qJQNCG;(067) 453729;;09:00-21:00;09:00-21:00;09:00-21:00;09:00-21:00;09:00-21:00;09:00-21:00;09:00-21:00
POINT (-75.2024474 -12.0812303);12001;35;L035;HUANCAYO I;LA CURACAO;CALLE REAL 681 - 685;MEDIA CUADRA ANTES DE CALLE LORETO;HUANCAYO;HUANCAYO;JUNIN;PE;114;-12.0812303;-75.2024474;http://goo.gl/cO9PBS;(064) 200057;(064) 200057;09:30-21:30;09:30-21:30;09:30-21:30;09:30-21:30;09:30-21:30;09:30-21:30;09:30-21:30
POINT (-75.2082797 -12.0675171);12001;36;L036;HUANCAYO MEGA;LA CURACAO;ESQ. GIRALDEZ 287-293/ CALLE AMAZONAS 620;FRENTE A MIBANCO;HUANCAYO;HUANCAYO;JUNIN;PE;115;-12.0675171;-75.2082797;http://goo.gl/9q05tI;(064) 203128;(064) 504542;09:30-21:30;09:30-21:30;09:30-21:30;09:30-21:30;09:30-21:30;09:30-21:30;09:30-21:30
POINT (-76.2413104 -9.9305996);10001;37;L037;HUANUCO 1;LA CURACAO;CALLE HUANUCO 680;FRENTE AL BCP;HUANUCO;HUANUCO;HUANUCO;PE;116;-9.9305996;-76.2413104;http://goo.gl/6bOvfT;(062) 519726;(062) 519726;09:30-21:30;09:30-21:30;09:30-21:30;09:30-21:30;09:30-21:30;09:30-21:30;09:30-21:30
POINT (-76.2406354 -9.9299787);10001;38;L038;HUANUCO 2;LA CURACAO;JR. DOS DE MAYO 1068;MEDIA CUADRA ANTES DE LA PLAZA MAYOR DE HUANUCO;HUANUCO;HUANUCO;HUANUCO;PE;117;-9.9299787;-76.2406354;http://goo.gl/7ngjWA;(062) 517899;(062) 517899;09:30-21:30;09:30-21:30;09:30-21:30;09:30-21:30;09:30-21:30;09:30-21:30;09:30-21:30
POINT (-77.2072144 -11.4951119);15201;39;L039;HUARAL;LA CURACAO;BOULEVARD EL SOLAR 367;FRENTE A LA PLAZA PRINCIPAL;HUARAL;HUARAL;LIMA;PE;118;-11.4951119;-77.2072144;http://goo.gl/EaMwfM;(01) 2463224;;;;;;;;
POINT (-77.5288761 -9.5270921);2001;40;L040;HUARAZ;LA CURACAO;AV. MARISCAL LUZURIAGA 489;CERCA AL CRUCE CON ANTONIO RAYMONDI;HUARAZ;HUARAZ;ANCASH;PE;119;-9.5270921;-77.5288761;http://goo.gl/BpRD7G;(043) 429266;;;;;;;;
POINT (-75.7271965 -14.0630125);11001;41;L041;ICA;LA CURACAO;AV. GRAU 245;;ICA;ICA;ICA;PE;120;-14.0630125;-75.7271965;http://goo.gl/5xmbns;(056) 214467;;09:00-21:30;09:00-21:30;09:00-21:30;09:00-21:30;09:00-21:30;09:00-21:30;09:00-21:30
POINT (-75.729266 -14.061933);11002;42;L042;ICA II;LA CURACAO;CALLE CALLAO 239;;ICA;ICA;ICA;PE;121;-14.061933;-75.729266;http://goo.gl/dPYuYK;(056) 222105;;09:00-21:30;09:00-21:30;09:00-21:30;09:00-21:30;09:00-21:30;09:00-21:30;09:00-21:30
POINT (-71.3438837 -17.6456306);18601;43;L043;ILO;LA CURACAO;CALLAO 615;FRENTE AL BANCO DE LA NACION;ILO;ILO;MOQUEGUA;PE;122;-17.6456306;-71.3438837;http://goo.gl/wjoqbq;(053) 482148;;09:30-21:00;09:30-21:00;09:30-21:00;09:30-21:00;09:30-21:00;09:30-21:00;09:30-21:00
POINT (-73.2453233 -3.7513683);16006;44;L044;IQUITOS;LA CURACAO;JR.PROSPERO NO. 342 - 348;;IQUITOS;MAYNAS;LORETO;PE;123;-3.7513683;-73.2453233;http://goo.gl/j6kvG0;;;;;;;;;
POINT (-78.8076345 -5.7071213);6801;45;L045;JAEN;LA CURACAO;AV. VILLANUEVA PINILLOS 480;A DOS CUADRAS DE LA PLAZA PRINCIPAL;JAEN;JAEN;CAJAMARCA;PE;124;-5.7071213;-78.8076345;http://goo.gl/aJ1Hn6;(076) 431371;;09:30-20:00;09:30-21:00;09:30-21:00;09:30-21:00;09:30-21:00;09:30-21:00;09:30-21:00
POINT (-77.0318427 -12.0468003);15001;85;L085;JIRON DE LA UNION;LA CURACAO;JR. DE LA UNION 461;;CERCADO DE LIMA;LIMA;LIMA;PE;125;-12.0468003;-77.0318427;http://goo.gl/iWCit7;(01) 4284435;;10:00-21:30;10:00-21:30;10:00-21:30;10:00-21:30;10:00-21:30;10:00-21:30;10:00-21:30
POINT (-76.7260801 -7.1800563);22601;47;L047;JUANJUI;LA CURACAO;JR. LA MERCED 486-488;;JUANJUI;MARISCAL CACERES;SAN MARTIN;PE;126;-7.1800563;-76.7260801;http://goo.gl/aAJXIL;;;;09:00-21:00;09:00-21:00;09:00-21:00;09:00-21:00;09:00-21:00;09:00-21:00
POINT (-70.1315334 -15.496389);21104;48;L048;JULIACA;LA CURACAO;SAN MARTIN CON JIRON TUMBES;DENTRO DEL REAL PLAZA;JULIACA;SAN ROMAN;PUNO;PE;127;-15.496389;-70.1315334;http://goo.gl/1Qr4SA;(051) 328195;;10:30-22:00;10:30-22:00;10:30-22:00;10:30-22:00;10:30-22:00;10:30-22:00;10:30-22:00
POINT (-75.3286171 -11.0559143);12856;49;L049;LA MERCED;LA CURACAO;JR. TARMA 588;FRENTE A CAJA HUANCAYO;LA MERCED;CHANCHAMAYO;JUNIN;PE;128;-11.0559143;-75.3286171;http://goo.gl/pjkK8B;(064) 531167;(064) 531163;09:30-21:30;09:30-21:30;09:30-21:30;09:30-21:30;09:30-21:30;09:30-21:30;09:30-21:30
POINT (-79.903026 -6.7048029);14013;51;L051;LAMBAYEQUE;LA CURACAO;AV. RAMON CASTILLA 830;FRENTE AL MERCADO;LAMBAYEQUE;LAMBAYEQUE;LAMBAYEQUE;PE;129;-6.7048029;-79.903026;http://goo.gl/AKEq3O;(074) 281450;;09:30-20:00;09:30-21:00;09:30-21:00;09:30-21:00;09:30-21:00;09:30-21:00;09:30-21:00
POINT (-77.0652096 -11.9904155);15301;52;L052;LOS OLIVOS;LA CURACAO;ESQUINA JR. CARLOS A. SALAVERRY CON LUIS ALVA;;LOS OLIVOS;LIMA;LIMA;PE;130;-11.9904155;-77.0652096;http://goo.gl/GdxzHe;(01) 4867125;;10:00-21:00;10:00-21:00;10:00-21:00;10:00-21:00;10:00-21:00;10:00-21:00;10:00-21:00
POINT (-76.8713166 -12.2753863);15823;53;L053;LURIN;LA CURACAO;ANTIGUA PANAMERICANA SUR KM.36;PARCELA B-62 FUNDO SAN VICENTE NUEVO;LURIN;LIMA;LIMA;PE;131;-12.2753863;-76.8713166;http://goo.gl/VwzP16;(01) 7195635;;09:00-21:30;09:00-21:30;09:00-21:30;09:00-21:30;09:00-21:30;09:00-21:30;09:00-21:30
POINT (-76.973653 -6.030903);22001;55;L055;MOYOBAMBA;LA CURACAO;JR. PEDRO CANGA;;MOYOBAMBA;MOYOBAMBA;SAN MARTIN;PE;132;-6.030903;-76.973653;http://goo.gl/UO4LrM;;;;;;;;;
POINT (-74.9400058 -14.8288674);11401;56;L056;NAZCA;LA CURACAO;CALLE LIMA 308;COSTADO DE UGEL;NAZCA;NAZCA;ICA;PE;133;-14.8288674;-74.9400058;http://goo.gl/aTJQk8;(056) 523353;;09:00-21:00;09:00-21:00;09:00-21:00;09:00-21:00;09:00-21:00;09:00-21:00;09:00-21:00
POINT (-79.5693557 -7.4002104);13811;57;L057;PACASMAYO;LA CURACAO;CALLE ADOLFO KING 24;;PACASMAYO;PACASMAYO;LA LIBERTAD;PE;134;-7.4002104;-79.5693557;http://goo.gl/mwIInb;(044) 521503;;09:30-20:00;09:30-21:00;09:30-21:00;09:30-21:00;09:30-21:00;09:30-21:00;09:30-21:00
POINT (-81.1120583 -5.0856935);20701;58;L058;PAITA;LA CURACAO;JR. JUNIN 319;;PAITA;PAITA;PIURA;PE;135;-5.0856935;-81.1120583;http://goo.gl/86WIl0;(073) 211959;(073) 212656;09:00-21:30;09:00-21:30;09:00-21:30;09:00-21:30;09:00-21:30;09:00-21:30;09:00-21:30
POINT (-76.2562185 -10.6838348);19001;59;L059;PASCO;LA CURACAO;JR. LEONCIO PRADO 120 -126;FRENTE A LA PLAZA CARRION EN CHAUPIMARCA;CHAUPIMARCA;PASCO;PASCO;PE;136;-10.6838348;-76.2562185;http://goo.gl/im9GnG;(063) 422938;(063) 422938;09:30-21:30;09:30-21:30;09:30-21:30;09:30-21:30;09:30-21:30;09:30-21:30;09:30-21:30
POINT (-76.2040047 -13.7119871);11601;60;L060;PISCO;LA CURACAO;PASAJE JAZMIN 150;PLAZUELA BELEN;PISCO;PISCO;ICA;PE;137;-13.7119871;-76.2040047;http://goo.gl/YQOMRN;(056) 531064;;09:00-21:00;09:00-21:00;09:00-21:00;09:00-21:00;09:00-21:00;09:00-21:00;09:00-21:00
POINT (-80.6291603 -5.1956494);20008;31;L031;PIURA 1 GRAU;LA CURACAO;AV. GRAU 402;DENTRO DEL MALL AVENTURA PLAZA, INTERIOR 7;PIURA;PIURA;PIURA;PE;138;-5.1956494;-80.6291603;http://goo.gl/FjIyjg;(073) 302644;;09:00-22:00;09:00-22:00;09:00-22:00;09:00-22:00;09:00-22:00;09:00-22:00;09:00-22:00
POINT (-80.6216126 -5.1824499);20008;61;L061;PIURA 2;LA CURACAO;AV. CARCERES ESQUINA CON UNIVERSITARIA;PRIMER NIVEL LC 07 CC OPEN PLAZA;CASTILLA;PIURA;PIURA;PE;139;-5.1824499;-80.6216126;http://goo.gl/RxYcIK;(073) 607615;(073) 607616;09:00-22:00;09:00-22:00;09:00-22:00;09:00-22:00;09:00-22:00;09:00-22:00;09:00-22:00
POINT (-74.5826166 -8.3928622);25001;62;L062;PUCALLPA;LA CURACAO;JR. RAYMONDI NO. 533;;CALLERIA;CORONEL PORTILLO;UCAYALI;PE;140;-8.3928622;-74.5826166;https://goo.gl/maps/DhBK4f8UkoF2;(061) 575967;;09:00-20:00;09:00-21:30;09:00-21:30;09:00-21:30;09:00-21:30;09:00-21:30;09:00-21:30
POINT (-69.181885 -12.5942);17001;63;L063;PUERTO MALDONADO;LA CURACAO;AV. ERNESTO RIVERO MZ. 1 LOTE. 7;;TAMBOPATA;TAMBOPATA;MADRE DE DIOS;PE;141;-12.5942;-69.181885;http://goo.gl/Hx3Yns;;;;;;;;;
POINT (-70.0254354 -15.8374482);21001;64;L064;PUNO;LA CURACAO;CAHUIDE 129;A MEDIA CUADRA DE PLAZA VEA;PUNO;PUNO;PUNO;PE;142;-15.8374482;-70.0254354;http://goo.gl/xKi90Y;(051) 364475;;09:30-21:00;09:30-21:00;09:30-21:00;09:30-21:00;09:30-21:00;09:30-21:00;09:30-21:00
POINT (-72.695208 -12.865018);8741;65;L065;QUILLABAMBA;LA CURACAO;PROLONCION RICARDO PALMA 132;A MEDIA CUADRA DEL MERCADO MODELO;QUILLABAMBA;LA CONVENCION;CUSCO;PE;143;-12.865018;-72.695208;http://goo.gl/HIWz4g;(084) 281687;;09:30-21:00;09:30-21:00;09:30-21:00;09:30-21:00;09:30-21:00;09:30-21:00;09:30-21:00
POINT (-77.0331673 -12.0921837);15073;46;L046;SAN ISIDRO;LA CURACAO;ESQ. AV. JAVIER PRADO 135 Y AV. AREQUIPA 2675;;SAN ISIDRO;LIMA;LIMA;PE;144;-12.0921837;-77.0331673;http://goo.gl/rTAU1d;(01) 2229038;(01) 2227879, (01) 2229039;10:00-21:00;10:00-21:00;10:00-21:00;10:00-21:00;10:00-21:00;10:00-21:00;10:00-21:00
POINT (-77.008245 -12.0027491);15431;66;L066;SAN JUAN DE LURIGANCHO;LA CURACAO;AV. PROCERES DE LA INDEPENDENCIA 1815;;SAN JUAN DE LURIGANCHO;LIMA;LIMA;PE;145;-12.0027491;-77.008245;http://goo.gl/5MNGh1;(01) 4584604;(01) 3751717;09:00-21:30;09:00-21:30;09:00-21:30;09:00-21:30;09:00-21:30;09:00-21:30;09:00-21:30
POINT (-76.9721723 -12.155055);15803;67;L067;SAN JUAN DE MIRAFLORES;LA CURACAO;AV. SAN JUAN 1156 - 1156;;SAN JUAN DE MIRAFLORES;LIMA;LIMA;PE;146;-12.155055;-76.9721723;http://goo.gl/y8Kifg;(01) 2767202;(01) 4502809;10:00-21:00;10:00-21:00;10:00-21:00;10:00-21:00;10:00-21:00;10:00-21:00;10:00-21:00
POINT (-74.6358974 -11.2539497);12261;69;L069;SATIPO;LA CURACAO;JR. AUGUSTO B. LEGUIA 688;A UNA CUADRA DE LA PLAZA MAYOR DE SATIPO;SATIPO;SATIPO;JUNIN;PE;147;-11.2539497;-74.6358974;http://goo.gl/i0dSDd;(064) 545403;(064) 545403;09:30-21:30;09:30-21:30;09:30-21:30;09:30-21:30;09:30-21:30;09:30-21:30;09:30-21:30
POINT (-80.6877097 -4.8923435);20101;70;L070;SULLANA;LA CURACAO;CALLE SUCR. 601;;SULLANA;PIURA;PIURA;PE;148;-4.8923435;-80.6877097;http://goo.gl/eTZuOU;(073) 503388;;09:00-22:00;09:00-22:00;09:00-22:00;09:00-22:00;09:00-22:00;09:00-22:00;09:00-22:00
POINT (-70.2503062 -18.0135564);23001;71;L071;TACNA;LA CURACAO;AV. SAN MARTIN 351;FRENTE A LA PLAZA PRINCIPAL;TACNA;TACNA;TACNA;PE;149;-18.0135564;-70.2503062;https://goo.gl/maps/MX8zuSLwEGm;(052) 424799;;09:30-21:00;09:30-21:00;09:30-21:00;09:30-21:00;09:30-21:00;09:30-21:00;09:30-21:00
POINT (-81.2730836 -4.5798237);20811;72;L072;TALARA;LA CURACAO;CENTRO CIVICO 275 - 360;;PARIÑAS;TALARA;PIURA;PE;150;-4.5798237;-81.2730836;http://goo.gl/scLHVM;(073) 383585;(073) 386633;09:00-22:00;09:00-22:00;09:00-22:00;09:00-22:00;09:00-22:00;09:00-22:00;09:00-22:00
POINT (-80.3434398 -4.9329552);20201;73;L073;TAMBO GRANDE;LA CURACAO;JR. TUMBES 822;FRENTE A LA PLAZA MAYOR;TAMBOGRANDE;PIURA;PIURA;PE;151;-4.9329552;-80.3434398;http://goo.gl/iKwBcz;(073) 413508;;09:00-21:30;09:00-21:30;09:00-21:30;09:00-21:30;09:00-21:30;09:00-21:30;09:00-21:30
POINT (-76.361083 -6.4880602);22201;74;L074;TARAPOTO;LA CURACAO;JR. MARTINEZ DE COMPAÑON NO. 154 - 160;;TARAPOTO;TARAPOTO;SAN MARTIN;PE;152;-6.4880602;-76.361083;http://goo.gl/o6FClV;(042) 522917;;09:00-20:00;09:00-21:30;09:00-21:30;09:00-21:30;09:00-21:30;09:00-21:30;09:00-21:30
POINT (-75.6876249 -11.4200518);12651;75;L075;TARMA;LA CURACAO;JR. LIMA 773;FRENTE A LA PLAZA MAYOR DE TARMA;TARMA;TARMA;JUNIN;PE;153;-11.4200518;-75.6876249;http://goo.gl/wuJ8o9;(064) 322307;(064) 322307;09:30-21:30;09:30-21:30;09:30-21:30;09:30-21:30;09:30-21:30;09:30-21:30;09:30-21:30
POINT (-76.0018972 -9.2968086);10131;76;L076;TINGO MARIA;LA CURACAO;AV. RAIMONDI 587;CUADRA 5 DE AV. RAYMONDI;TINGO MARIA;LEONCIO PRADO;HUANUCO;PE;154;-9.2968086;-76.0018972;http://goo.gl/wLkOn5;(062) 562761;(062) 562761;09:30-21:30;09:30-21:30;09:30-21:30;09:30-21:30;09:30-21:30;09:30-21:30;09:30-21:30
POINT (-76.5118749 -8.1884481);22540;77;L077;TOCACHE;LA CURACAO;JR. FREDY ALIAGA 428 -436;;TOCACHE;TOCACHE;SAN MARTIN;PE;155;-8.1884481;-76.5118749;http://goo.gl/eOUppz;(042) 551160;;;09:00-21:00;09:00-21:00;09:00-21:00;09:00-21:00;09:00-21:00;09:00-21:00
POINT (-79.0243959 -8.1113041);13001;78;L078;TRUJILLO I - MEGA;LA CURACAO;AYACUCHO 662;;TRUJILLO;TRUJILLO;LA LIBERTAD;PE;156;-8.1113041;-79.0243959;http://goo.gl/HCIoDc;(044) 203124;;;;;;;;
POINT (-79.0016743 -8.0850725);13003;79;L079;TRUJILLO II;LA CURACAO;AV SANCHEZ CARRION 547;FRENTE A LA MUNICIPALIDAD DE EL PORVENIR;EL PORVENIR;TRUJILLO;LA LIBERTAD;PE;157;-8.0850725;-79.0016743;http://goo.gl/77iPFL;(044) 410396;;;;;;;;
POINT (-80.4589215 -3.5693675);24001;80;L080;TUMBES;LA CURACAO;PASEO LOS LIBERTADORES 248;;TUMBES;TUMBES;TUMBES;PE;158;-3.5693675;-80.4589215;https://goo.gl/maps/bBBEAtCYyVJ2;(072) 525554;;09:00-22:00;09:00-22:00;09:00-22:00;09:00-22:00;09:00-22:00;09:00-22:00;09:00-22:00
POINT (-76.9379157 -12.2114506);15831;81;L081;VILLA EL SALVADOR;LA CURACAO;AV. REVOLUCION 1234;MZ H LT 6;VILLA EL SALVADOR;LIMA;LIMA;PE;159;-12.2114506;-76.9379157;http://goo.gl/xx6bgl;(01) 2882000;(01) 2882059;09:00-21:00;09:00-21:00;09:00-21:00;09:00-21:00;09:00-21:00;09:00-21:00;09:00-21:00
POINT (-76.9509048 -12.1664682);15809;82;L082;VILLA MARIA DEL TRIUNFO;LA CURACAO;AV. VILLA MARIA 171;;VILLA MARIA DEL TRIUNFO;LIMA;LIMA;PE;160;-12.1664682;-76.9509048;http://goo.gl/LtEOBR;(01) 4961582;;10:00-21:00;10:00-21:00;10:00-21:00;10:00-21:00;10:00-21:00;10:00-21:00;10:00-21:00
POINT (-78.7549392 -8.4111765);13621;83;L083;VIRU;LA CURACAO;AV. LA ALAMEDA 351;FRENTE AL MERCADO CENTRAL DE VIRU;VIRU;VIRU;LA LIBERTAD;PE;161;-8.4111765;-78.7549392;http://goo.gl/GnKx6j;(044) 371115;;;;;;;;
POINT (-76.1058408 -5.8943485);16501;84;L084;YURIMAGUAS;LA CURACAO;JR. PROGRESO 210;A MEDIA CUADRA DEL HOTEL ANTONIO;YURIMAGUAS;ALTO AMAZONAS;LORETO;PE;162;-5.8943485;-76.1058408;http://goo.gl/O9p6Zt;(065) 352646;;09:00-21:00;09:00-21:00;09:00-21:00;09:00-21:00;09:00-21:00;09:00-21:00;09:00-21:00
POINT (-77.0563642 -11.9513901);15311;;;COMAS;MOTOCORP;AV. 22 DE AGOSTO CON AV.CARABAYLLO;CRUCE AV. CARABAYLLO CON 22 DE AGOSTO;COMAS;LIMA;LIMA;PE;163;-11.9513901;-77.0563642;;(01) 5248920;;;09:00-21:00;09:00-21:00;09:00-21:00;09:00-21:00;09:00-21:00;
POINT (-79.8418576 -6.7673008);14001;;;CHICLAYO;MOTOCORP;AV. LUIS GONZALES 1325;CERCA A LA AV. PEDRO RUIZ;CHICLAYO;CHICLAYO;LAMBAYEQUE;PE;164;-6.7673008;-79.8418576;;(074) 239597;;;09:00-21:00;09:00-21:00;09:00-21:00;09:00-21:00;09:00-21:00;
POINT (-76.9644411 -12.1573031);15803;;;EXPRESS SJM 1;MOTOCORP EXPRESS;AV LOS HEROES CON ENRIQUE DEL VILLAR (AL FRENTE);(ALTURA DEL PARADERO SAN JUAN DEL TREN ELECTRICO);SAN JUAN DE MIRAFLORES;LIMA;LIMA;PE;165;-12.1573031;-76.9644411;;(01) 4660495;;;09:00-19:00;09:00-19:00;09:00-19:00;09:00-19:00;09:00-19:00;09:00-19:00
POINT (-80.6868959 -4.8947529);20101;;;SULLANA;MOTOCORP;AV. JOSE DE LAMA CON TRANSVERSAL CALLAO;CERCA A TRANSVERSAL CALLAO;SULLANA;SULLANA;PIURA;PE;166;-4.8947529;-80.6868959;;(073) 315186;;;09:00-21:00;09:00-21:00;09:00-21:00;09:00-21:00;09:00-21:00;
POINT (-76.1353242 -13.4236397);11702;;;CHINCHA;MOTOCORP;CARR. PANAMERICANA SUR CON PABLO TASAYCO;KM 199, A 1/2 CDRA DEL PTE PEATONAL;CHINCHA ALTA;CHINCHA;ICA;PE;167;-13.4236397;-76.1353242;;(056) 267922;;;09:00-21:00;09:00-21:00;09:00-21:00;09:00-21:00;09:00-21:00;
POINT (-78.8027877 -5.7090868);6801;;;JAEN;MOTOCORP;AV. ROBERTO SEGURA 438;AV. PAKAMUROS ESQUINA CON AV. ROBERTO SEGURA (SEC. MORRO SOLAR BAJO);JAEN;JAEN;CAJAMARCA;PE;168;-5.7090868;-78.8027877;;(076) 432253;;;09:00-21:00;09:00-21:00;09:00-21:00;09:00-21:00;09:00-21:00;
POINT (-73.2696289 -3.7658021);16001;;;IQUITOS;MOTOCORP;JOSE ABELARDO QUIÑONES 1373;AV QUIÑONES (KM 1.5);IQUITOS;MAYNAS;LORETO;PE;169;-3.7658021;-73.2696289;;(065) 263740;;;09:00-21:00;09:00-21:00;09:00-21:00;09:00-21:00;09:00-21:00;
POINT (-80.6432334 -5.1915757);20001;;;PIURA;MOTOCORP;MIGUEL GRAU CON VICE;ESQUINA DE PROLONGACION GRAU CON AV. VICE;PIURA;PIURA;PIURA;PE;170;-5.1915757;-80.6432334;;(073) 322939;;;09:00-21:00;09:00-21:00;09:00-21:00;09:00-21:00;09:00-21:00;
POINT (-76.9699091 -6.0355171);22001;;;MOYOBAMBA;MOTOCORP;CALLAO 306;ESQ. JR. CALLAO C/ 20 DE ABRIL;MOYOBAMBA;MOYOBAMBA;SAN MARTIN;PE;171;-6.0355171;-76.9699091;;(042) 563266;;;09:00-21:00;09:00-21:00;09:00-21:00;09:00-21:00;09:00-21:00;
POINT (-76.94323 -12.2104671);15831;;;EXPRESS VES;MOTOCORP EXPRESS;JUAN VELASCO A. 1093 (AL FRENTE);AV. JUAN VELASCO A. 1093;VILLA EL SALVADOR;LIMA;LIMA;PE;172;-12.2104671;-76.94323;;(01) 5851261;;;09:00-19:00;09:00-19:00;09:00-19:00;09:00-19:00;09:00-19:00;09:00-19:00
POINT (-77.1274282 -11.8783071);7061;;;EXPRESS VENTANILLA;MOTOCORP EXPRESS;AV.LA PLAYA, VENTANILLA, SEDAPAL;AL FRENTE DE LA MUNICIPALIDAD DE VENTANILLA;VENTANILLA;CALLAO;LIMA;PE;173;-11.8783071;-77.1274282;;;;;09:00-19:00;09:00-19:00;09:00-19:00;09:00-19:00;09:00-19:00;09:00-19:00
POINT (-76.9669246 -12.1563119);15803;;;EXPRESS SJM 2;MOTOCORP EXPRESS;AV LOS HEROES CON ANTONIO OLIVEIRA;AL LADO DE LA IGLESIA JESUCRISTO DEL SEÑOR (FACHADA AZUL);SAN JUAN DE MIRAFLORES;LIMA;LIMA;PE;174;-12.1563119;-76.9669246;;(01) 3436272;;;09:00-19:00;09:00-19:00;09:00-19:00;09:00-19:00;09:00-19:00;09:00-19:00
POINT (-76.1069182 -5.8960998);16501;;;YURIMAGUAS;MOTOCORP;CALLE JOSE RIERA 107;CERCA A LA AV. MONSEÑOR ATANASIO JAUREGUI;YURIMAGUAS;ALTO AMAZONAS;LORETO;PE;175;-5.8960998;-76.1069182;;(065) 352193;;;09:00-21:00;09:00-21:00;09:00-21:00;09:00-21:00;09:00-21:00;
POINT (-76.2460183 -9.9378183);10003;;;HUANUCO;MOTOCORP;JIRON 2 DE MAYO 287;CERCA A LA ESTACION DE SERVICIOS DURAND;HUANUCO;HUANUCO;HUANUCO;PE;176;-9.9378183;-76.2460183;;(062) 519525;;;09:00-21:00;09:00-21:00;09:00-21:00;09:00-21:00;09:00-21:00;
POINT (-75.7356783 -14.0711152);11004;;;ICA;MOTOCORP;AV AYABACA CON LEON ARECHUA;AL FRENTE DE MULTICINES UVK;ICA;ICA;ICA;PE;177;-14.0711152;-75.7356783;;(056) 237654;;;09:00-21:00;09:00-21:00;09:00-21:00;09:00-21:00;09:00-21:00;
POINT (-76.3649904 -6.4932559);22201;;;TARAPOTO;MOTOCORP;JR. SANTA INES 150;ESQUINA DE JR. JIMENEZ PIMENTEL Y JR. SANTA INES;TARAPOTO;SAN MARTIN;SAN MARTIN;PE;178;-6.4932559;-76.3649904;;(042) 341631;;;09:00-21:00;09:00-21:00;09:00-21:00;09:00-21:00;09:00-21:00;
POINT (-76.932571 -12.038806);15012;;;EXPRESS ATE;MOTOCORP EXPRESS;AV NICOLAS DE AYLLON 4723, ATE, PISTA NUEVA;ALT. PARADERO PISTA NUEVA;ATE;LIMA;LIMA;PE;179;-12.038806;-76.932571;;(01) 5838588;;;09:00-19:00;09:00-19:00;09:00-19:00;09:00-19:00;09:00-19:00;09:00-19:00
POINT (-79.0363754 -8.1254924);13008;;;TRUJILLO;MOTOCORP;AV AMERICA SUR CON AV SANTA MARTA;ESQUINA CON AV. SANTA MARTHA;TRUJILLO;TRUJILLO;LA LIBERTAD;PE;180;-8.1254924;-79.0363754;;(044) 383586;;;09:00-21:00;09:00-21:00;09:00-21:00;09:00-21:00;09:00-21:00;
POINT (-70.1379265 -15.4870063);21101;;;JULIACA;MOTOCORP;NORMAL CON SERAFIN FIRPO;ESQ. CON AV. FERROCARRIL 490;JULIACA;JULIACA;PUNO;PE;181;-15.4870063;-70.1379265;;(051) 329243;;;09:00-21:00;09:00-21:00;09:00-21:00;09:00-21:00;09:00-21:00;
POINT (-78.5055647 -7.1604033);6002;;;CAJAMARCA;MOTOCORP;AV. VIA DE EVITAMIENTO SUR 289;CERCA AL JR. CUMBE MAYO;CAJAMARCA;CAJAMARCA;CAJAMARCA;PE;182;-7.1604033;-78.5055647;;(076) 342460;;;09:00-21:00;09:00-21:00;09:00-21:00;09:00-21:00;09:00-21:00;
POINT (-74.5291765 -8.385169);25001;;;PUCALLPA;MOTOCORP;JR. CORONEL PORTILLO 428, UCAYALI;CERCA A LA AV. TARAPACA (LOCAL DE YUCRA);CALLERIA;CORONEL PORTILLO;UCAYALI;PE;183;-8.385169;-74.5291765;;(061) 505711;;;09:00-21:00;09:00-21:00;09:00-21:00;09:00-21:00;09:00-21:00;
POINT (-77.0097723 -11.9959898);15434;;;EXPRESS SJL 1;MOTOCORP EXPRESS;PROCERES DE LA INDEPENDENCIA, PARADERO LOS POSTES;ALTURA DEL PARADERO LOS POSTES DE LA ESTACION DEL TREN;SAN JUAN DE LURIGANCHO;LIMA;LIMA;PE;184;-11.9959898;-77.0097723;;(01) 3380885;;;09:00-19:00;09:00-19:00;09:00-19:00;09:00-19:00;09:00-19:00;09:00-19:00
POINT (-69.1870986 -12.5885143);17001;;;PUERTO MALDONADO;MOTOCORP;AV 15 DE AGOSTO CON 2 DE MAYO, PUERTO MALDONADO;ESQUINA DE 2 DE MAYO CON 15 DE AGOSTO;PUERTO MALDONADO;PUERTO MALDONADO;MADRE DE DIOS;PE;185;-12.5885143;-69.1870986;;(082) 502083;;;09:00-21:00;09:00-21:00;09:00-21:00;09:00-21:00;09:00-21:00;
POINT (-81.0985104 -5.0891223);20701;;;PAITA;MOTOCORP;VICTOR HAYA DE LA TORRE CON EL OBRERO;CERCA A LA AV. EL OBRERO;PAITA;PAITA;PIURA;PE;186;-5.0891223;-81.0985104;;(073) 211248;;;09:00-21:00;09:00-21:00;09:00-21:00;09:00-21:00;09:00-21:00;
POINT (-75.2165448 -12.0645285);12004;;;HUANCAYO;MOTOCORP;13 DE NOVIEMBRE 828;CERCA A LA AV. LIBERTAD;EL TAMBO;HUANCAYO;JUNIN;PE;187;-12.0645285;-75.2165448;;(064) 419178;;;09:00-21:00;09:00-21:00;09:00-21:00;09:00-21:00;09:00-21:00;
POINT (-77.5331906 -9.5168243);2002;;;HUARAZ;MOTOCORP;CONFRATERNIDAD CON PABLO PATRON;CRUCE AV. CONFRATERNIDAD CON PABLO PATRON 395;INDEPENDENCIA;HUARAZ;ANCASH;PE;188;-9.5168243;-77.5331906;;(043) 429636;;;09:00-21:00;09:00-21:00;09:00-21:00;09:00-21:00;09:00-21:00;
POINT (-77.0022144 -11.9686873);15423;;;EXPRESS SJL 2;MOTOCORP EXPRESS;AV SAN MARTIN CON RIO CHILLON;CRUCE AV. CANTO GRANDE CON AV.SAN MARTIN;SAN JUAN DE LURIGANCHO;LIMA;LIMA;PE;189;-11.9686873;-77.0022144;;(01) 2974623;;;09:00-19:00;09:00-19:00;09:00-19:00;09:00-19:00;09:00-19:00;09:00-19:00
